{
  "best_model_name": "xgboost",
  "best_params": {
    "learning_rate": 0.1,
    "max_depth": 5,
    "n_estimators": 200
  },
  "pr_auc": 0.8730642113120816,
  "roc_auc": 0.9771303604446844
}